ID,Label,Count
[U:1:917725915],Nachos252,29
[U:1:420157053],zeus,52
[U:1:383386188],Lynux,77
[U:1:231194830],mlbonyy,39
[U:1:85386911],Samuel,167
[U:1:191550405],Gabriel,140
[U:1:918624932],Juan.Fortnite.2008,40
[U:1:422919298],Shaggy,50
[U:1:356431810],Rakey,47
[U:1:379851704],Yoshimi Battles,9
[U:1:365616453],delta del bienestar familiar,42
[U:1:151869681],Penguin Legs,31
[U:1:108465252],Neon,53
[U:1:134806456],shpee,323
[U:1:312322278],Reus,220
[U:1:132818658],Wargasm,15
[U:1:208631436],AJ,40
[U:1:130285989],HunchO,169
[U:1:34254115],A. Lumberjack #TF2Center,3
[U:1:89587820],Jt,28
[U:1:207950441],EclipseTF,36
[U:1:164197412],Boyo,110
[U:1:206447143],The Maggot Guy,1
[U:1:335069357],Candy Canes &lt;3,108
[U:1:182775305],Dinkerz111,1
[U:1:92903471],Thinkin&#39; Goop,1
[U:1:92233557],Magnitite,49
[U:1:58987070],Bliztank,5
[U:1:97551661],Über Pyro,2
[U:1:155089474],Mqbry,37
[U:1:94655831],xandy,63
[U:1:29296776],mobil (scout),40
[U:1:99259440],kowala,12
[U:1:128110557],SCOTT,61
[U:1:103105268],greenking,105
[U:1:83647829],Shim,7
[U:1:125181536],um,481
[U:1:80998509],robin,24
[U:1:307484755],kristof,258
[U:1:113498544],sekiy,97
[U:1:68305241],hawaii,23
[U:1:292377922],DW,13
[U:1:155893616],Apolo,291
[U:1:34394789],Liko,188
[U:1:21679260],TwiggyWan Kenobi,335
[U:1:86057862],P1atypus,257
[U:1:114794540],Yvng Pierre,84
[U:1:242894372],Per-Cent00,134
[U:1:201926809],pnda,141
[U:1:101272782],aIM,197
[U:1:1010553667],Quacked,76
[U:1:94124777],nox,24
[U:1:81664703],Unremarkable marks,7
[U:1:133263454],wya,27
[U:1:110233432],Knuckles,50
[U:1:128925007],Yup-,121
[U:1:143766359],TETRA,54
[U:1:132770941],Maccy,28
[U:1:165578211],Mona,250
[U:1:198951342],An_Kangaroo,168
[U:1:315288994],amin girl,4
[U:1:85285969],strato_,4
[U:1:74400923],Ampy,294
[U:1:184867074],smo,219
[U:1:96525192],Domo,215
[U:1:160995253],Hugo,268
[U:1:65786988],z0diack,202
[U:1:89046714],mak,289
[U:1:120833757],binkkye,29
[U:1:158628396],Skorp,171
[U:1:212013547],F3RRAL,369
[U:1:49900537],tnt,535
[U:1:174532087],ciba,262
[U:1:173640117],Travis Scott Burger,34
[U:1:175287549],Dave,170
[U:1:18242898],..,168
[U:1:119432110],toaster tarts,58
[U:1:177843421],trandonimon,34
[U:1:120013913],Moo,57
[U:1:929696181],hedaeoh,54
[U:1:185501993],l.Uzi.l,56
[U:1:979292427],Cheese,143
[U:1:126019304],Valence,123
[U:1:167461460],zetaa,89
[U:1:118346706],Lemon,20
[U:1:458135922],BeefLeaf,3
[U:1:438209622],DoctorBowl,3
[U:1:1029440904],Sato,3
[U:1:882734319],ebico,5
[U:1:81240733],sully,3
[U:1:166296175],Lil&#39; Salami,3
[U:1:134809595],Soul,3
[U:1:908951080],sinko peso,3
[U:1:1088549902],Aspa,3
[U:1:476156118],John Deo Bill Dinosaur,3
[U:1:1011612470],the,3
[U:1:122059578],christopher,108
[U:1:20140742],Freeze Raël 667 S/o tradeit.gg,110
[U:1:179467262],What Is A Recession??,22
[U:1:50122482],lecunea,189
[U:1:922754461],Fisher,20
[U:1:193230475],2solge,498
[U:1:127656427],CHEEBOI,411
[U:1:113364548],WHA? 718 DMG ON THE HEAVY?,435
[U:1:154024304],INDECENCY,58
[U:1:95477613],TaeJakk,50
[U:1:185856382],Hud,21
[U:1:101601311],Dasko,26
[U:1:110127238],pear,29
[U:1:165466429],m9,49
[U:1:86597432],red dead bottle redemption,146
[U:1:163089290],momma.jeans2013,220
[U:1:133864978],Seditious Duck,181
[U:1:170748370],becus 789,181
[U:1:96951075],Dreadnot9,172
[U:1:33300689],CJ,41
[U:1:94953188],Soljr55,195
[U:1:437358850],ODDLOG BR.,128
[U:1:448370674],IAmSixSyllables BR,152
[U:1:413075377],pmn06,44
[U:1:891523733],io,20
[U:1:246433220],Cold_,139
[U:1:149886332],monkey,2
[U:1:313477506],Dark Surge,75
[U:1:275745466],CopMCcopper,337
[U:1:77001053],sandco,75
[U:1:96641420],cheddarbocc,83
[U:1:173573767],Lolick,140
[U:1:158606822],Just the crust,75
[U:1:122217817],RYL TVINKIE,136
[U:1:209616671],SCUMBAG,37
[U:1:1032437618],Zando,29
[U:1:88425777],tRav,210
[U:1:142839983],Atten,575
[U:1:176526907],shupah,95
[U:1:225133806],takeyon,124
[U:1:118312357],AEF Femboy,177
[U:1:238253193],ckrow,158
[U:1:201319238],NyanHorses,135
[U:1:350738311],MAD STALKERS,154
[U:1:312895007],YYkcam,70
[U:1:353134371],.cd,172
[U:1:438269415],rip king von,115
[U:1:884587092],BOO,146
[U:1:144981689],Nuke_,109
[U:1:870221154],Swish,64
[U:1:1142450199],illum,22
[U:1:100310450],Captain Magma,9
[U:1:82565752],jolo of the j4m,131
[U:1:84449008],NuclearKiller,33
[U:1:357154340],Denki,149
[U:1:206941384],Res,145
[U:1:110982442],Rabbit,126
[U:1:251185456],nice,699
[U:1:124413774],j4m jayhumpee,110
[U:1:156791555],Bounce,131
[U:1:129212857],Wxsp,213
[U:1:138968937],Spy-Check,131
[U:1:125677822],Wepeat,162
[U:1:197494486],vee vee volley,170
[U:1:235367539],King&#39;s Shield,394
[U:1:236726483],PringlebobPrinceofBeefWellingto,282
[U:1:98084014],Thomas,271
[U:1:58364493],what lft,409
[U:1:413940759],go5,5
[U:1:59218847],LenMetallica,21
[U:1:177263566],I can&#39;t aim,3
[U:1:67740080],future,51
[U:1:98497982],Lewdna,215
[U:1:30272223],Hyde,59
[U:1:123263269],young man 3,277
[U:1:83678807],static,203
[U:1:178993119],Pants,119
[U:1:87695749],Shirt (Hoarney Boaner),118
[U:1:188690595],Stacey Abrams&#39; 15 Inch Cock,343
[U:1:851041005],Joshyboy70,64
[U:1:205581533],quantum,183
[U:1:95074240],spiker907,152
[U:1:87147318],Kwik(old man),118
[U:1:208689944],Algarath,55
[U:1:150592790],Kitty™,127
[U:1:98534751],Young,18
[U:1:85789945],flan,43
[U:1:846893870],BorrisHorvat,9
[U:1:1021228976],fruit punch!,1
[U:1:277904552],cheeto irl,347
[U:1:159445987],Retry,3
[U:1:129811164],gonzalo gamer gamerson gaming,82
[U:1:53581018],QUIMIX IS COMING,6
[U:1:104209956],fahrenheit,19
[U:1:83629348],neaksie,22
[U:1:187808744],Noot,233
[U:1:187011732],Raz,229
[U:1:195922481],toemas_,120
[U:1:101435715],Walrex,488
[U:1:307522241],ramen squoodles,165
[U:1:88061985],ry4ntk,238
[U:1:91598116],Dr. Bones,161
[U:1:98161374],Betty,213
[U:1:10886711],Dr. Ringer,274
[U:1:154121881],mikemat,246
[U:1:124368058],Panacea,36
[U:1:111270243],mekdeddy,225
[U:1:110367960],WIDESHOULDERED toddler,250
[U:1:52444028],dave2,209
[U:1:83656662],i had diarrhea,256
[U:1:51812716],Wallhammer,52
[U:1:98487326],Soala,219
[U:1:111488316],ribbist,201
[U:1:84498741],MK,278
[U:1:13539906],murph,273
[U:1:171897126],TailorTF,102
[U:1:32604711],camp3r,70
[U:1:86012724],nolimit.deus,11
[U:1:146231369],v/s,229
[U:1:425645609],lilac,240
[U:1:112112338],walrus,64
[U:1:172845330],5unny,21
[U:1:172542274],Pirate Swiggity #rip dad,54
[U:1:126269953],Problem?,241
[U:1:67604760],Duke,31
[U:1:76059836],BrickSluggan,370
[U:1:94683089],FrostE,116
[U:1:167993783],Sinkit,40
[U:1:96850803],Gmoney,108
[U:1:33573908],mu,231
[U:1:80229735],John Milter,86
[U:1:224635025],davidhockeyfan2006,309
[U:1:70109956],Starman,91
[U:1:186740995],Jesus_Extrocent,197
[U:1:259438873],thyme,309
[U:1:44589950],treeman,91
[U:1:140848978],frank oshin,25
[U:1:25546049],Vege,96
[U:1:142602585],zackalak,86
[U:1:118247216],Mike Rotch,133
[U:1:1015995764],stainedglassheart,392
[U:1:111726247],dalenu,398
[U:1:179536730],cin,60
[U:1:64764811],Scruffy,13
[U:1:89741632],Jaden,188
[U:1:441306892],stjson,234
[U:1:218372863],Reverse Flash,26
[U:1:428241817],Blu2th1000,98
[U:1:169819081],fourtwothree.Mr. Gnu,228
[U:1:116575119],Gucci Yamaka,50
[U:1:187793986],yk_,59
[U:1:53466722],Apple Zoo,189
[U:1:97225568],chocky,19
[U:1:859298704],BBL,275
[U:1:143664506],high impact dolphin (at pc),50
[U:1:105606913],Dalapeno,311
[U:1:124394802],&#34;1nquisition&#34;,211
[U:1:109651549],Starfruit66,157
[U:1:38885948],Nicholas Chapkey,109
[U:1:133718175],Poseidon,57
[U:1:75660113],Acore,149
[U:1:160352416],bt. Petabuh,26
[U:1:116610089],LumaDooma,103
[U:1:155448756],TOM BOMBADIL,310
[U:1:280817170],ice,97
[U:1:153703288],[NGS] ¡Chip n Dale!,309
[U:1:127974035],eerhT,131
[U:1:301617],://DashingDrake,2
[U:1:180432971],joey,88
[U:1:255294112],kelz,354
[U:1:52773359],euphie,267
[U:1:108128927],Blue Inferno,19
[U:1:67574772],assassin spy,182
[U:1:156938336],QueeQuey,163
[U:1:133522748],Uri,19
[U:1:336174356],scarybroccoli,261
[U:1:124403042],gobitoe,152
[U:1:317184129],meep2k,11
